{
    "list_alpha": [
        [
            180,
            90
        ],
        [
            180,
            90
        ],
        [
            180,
            90
        ],
        [
            180,
            90
        ],
        [
            180,
            90
        ],
        [
            180,
            90
        ],
        [
            180,
            90
        ],
        [
            180,
            90
        ],
        [
            180,
            90
        ],
        [
            180,
            90
        ],
        [
            180,
            90
        ],
        [
            180,
            90
        ]
    ],
    "list_coord": [
        [
            -7.0,
            7.000000000000001
        ],
        [
            -7.0,
            7.000000000000001
        ],
        [
            -7.0,
            7.000000000000001
        ],
        [
            -7.0,
            7.000000000000001
        ],
        [
            -7.0,
            7.000000000000001
        ],
        [
            -7.0,
            7.000000000000001
        ],
        [
            -7.0,
            7.000000000000001
        ],
        [
            -7.0,
            7.000000000000001
        ],
        [
            -7.0,
            7.000000000000001
        ],
        [
            -7.0,
            7.000000000000001
        ],
        [
            -7.0,
            7.000000000000001
        ],
        [
            -7.0,
            7.000000000000001
        ]
    ],
    "max_length": 14.0
}