{
    "list_alpha": [
        [
            24.41,
            64.42
        ],
        [
            26.41,
            79.82
        ],
        [
            35.03,
            92.52
        ],
        [
            23.54,
            120.7
        ],
        [
            18.15,
            109.83
        ],
        [
            14.84,
            120.53
        ],
        [
            14.93,
            144.2
        ],
        [
            14.93,
            157.42
        ],
        [
            14.93,
            185.95
        ],
        [
            31.9,
            133.93
        ],
        [
            35.99,
            95.65
        ],
        [
            50.34,
            72.95
        ],
        [
            50.95,
            63.64
        ],
        [
            68.0,
            65.12
        ],
        [
            65.48,
            89.13
        ],
        [
            63.13,
            120.44
        ],
        [
            55.13,
            154.03
        ],
        [
            85.31,
            106.26
        ],
        [
            100.28,
            73.99
        ],
        [
            111.24,
            57.98
        ],
        [
            117.24,
            79.21
        ],
        [
            109.24,
            111.31
        ],
        [
            98.19,
            141.41
        ],
        [
            91.06,
            173.86
        ],
        [
            117.59,
            130.45
        ],
        [
            133.34,
            102.61
        ],
        [
            143.95,
            75.64
        ],
        [
            147.52,
            72.43
        ],
        [
            150.3,
            92.35
        ],
        [
            146.82,
            122.01
        ],
        [
            138.73,
            140.8
        ],
        [
            137.95,
            158.03
        ],
        [
            133.69,
            159.59
        ]
    ],
    "list_coord": [
        [
            21.460591709946073,
            -9.377655351182122
        ],
        [
            26.88945124880911,
            -7.855850174154808
        ],
        [
            31.414891694679397,
            -1.5253342654099473
        ],
        [
            37.66416489430836,
            -1.6934113403605622
        ],
        [
            34.68281902611528,
            -7.736615286997383
        ],
        [
            36.93448086465554,
            -7.411851436512611
        ],
        [
            41.223540381618875,
            -0.6922718517678073
        ],
        [
            42.31801662279719,
            3.61408819562801
        ],
        [
            41.22234008804648,
            13.062079288356195
        ],
        [
            39.088092134280544,
            7.9578848220991185
        ],
        [
            32.24271824706372,
            -0.320096889353886
        ],
        [
            25.91085729325917,
            2.3433562737272773
        ],
        [
            23.151116558690603,
            1.0886566461056795
        ],
        [
            22.1826603525314,
            8.164884624809359
        ],
        [
            27.396076239434223,
            13.56018996779771
        ],
        [
            30.109772622384753,
            22.61059458430372
        ],
        [
            30.57515812627804,
            29.094759546040663
        ],
        [
            20.870181182033633,
            27.79054443419396
        ],
        [
            14.920555870876058,
            21.687811004228998
        ],
        [
            10.264796365598755,
            18.759865188321566
        ],
        [
            7.524747454713662,
            26.803674224422156
        ],
        [
            6.756270492827753,
            35.20666678986401
        ],
        [
            6.347503255702804,
            40.40174043836069
        ],
        [
            1.2649630918210732,
            43.22008316909144
        ],
        [
            -3.897979881930212,
            39.17051768684843
        ],
        [
            -5.665448476953486,
            33.44605182460388
        ],
        [
            -4.531037415301029,
            26.423472045824198
        ],
        [
            -5.450416512098599,
            25.281018332174746
        ],
        [
            -11.98025684631395,
            29.033589331474996
        ],
        [
            -19.692844145640095,
            32.430482681759926
        ],
        [
            -21.2340157798302,
            34.864238815690115
        ],
        [
            -26.2759622517014,
            33.42437015495675
        ],
        [
            -24.20598944355831,
            35.08278405749937
        ]
    ],
    "max_length": 43.3
}